# 著者名	書名	出版社名	刊行日
立花隆	「知」のソフトウェア	講談社	1984/3/20
立花隆	ぼくはこんな本を読んできた	文藝春秋	1995/12/20
立花隆	立花隆のすべて	文藝春秋	1998/3/1
立花隆	二十歳のころ	新潮社	1998/12/25
立花隆	脳を鍛える	新潮社	2000/3/30
立花隆	21世紀知の挑戦	文藝春秋	2000/7/10
立花隆	新世紀デジタル講義	新潮社	2000/7/15
立花隆	ぼくが読んだ面白い本・ダメな本そしてぼくの大量読書術・驚異の速読術	文藝春秋	2001/4/20
立花隆	東大生はバカになったか	文藝春秋	2001/10/30
立花隆	ぼくの血となり肉となった五〇〇冊 そして 血にも肉にもならなかった一〇〇冊	文藝春秋	2007/1/30
立花隆／佐藤優	ぼくらの頭脳の鍛え方	文藝春秋	2009/10/20
立花隆	立花隆の書棚	中央公論新社	2013/3/10
立花隆	読書脳	文藝春秋	2016/7/10
立花隆	知的ヒントの見つけ方	文藝春秋	2018/2/20
立花隆	知の旅は終わらない	文藝春秋	2020/1/20
